repository_id,repository_name,repository_link,owner_id,owner_name,owner_type,description,stars,fork_count,language,created_at,updated_at,watchers_count,open_issues_count,archived,fork,topics,snapshot_date
1321283895,lingxi,https://github.com/wumingqi60/lingxi,63189147,wumingqi60,User,灵犀跨境-开源共建版,75,1,TypeScript,2026-08-03T05:46:34Z,2026-08-03T08:48:06Z,75,0,False,False,[],2026-08-03
1321259625,ITS300_WEBDEV,https://github.com/JunzFundz/ITS300_WEBDEV,121327561,JunzFundz,User,,43,0,HTML,2026-08-03T05:18:37Z,2026-08-03T08:41:17Z,43,0,False,False,[],2026-08-03
1321025387,APEX,https://github.com/lowiqentity/APEX,310374126,lowiqentity,User,,15,0,Unknown,2026-08-03T00:29:49Z,2026-08-03T08:59:54Z,15,0,False,False,[],2026-08-03
1321021707,BoosterX-PRO-Crack,https://github.com/MasterLocksmithTrim/BoosterX-PRO-Crack,307257651,MasterLocksmithTrim,User,"Windows optimization utility featuring gaming tweaks, FPS improvements, latency reduction, startup management, privacy controls, backup & restore, and advanced performance optimization tools.",15,0,C++,2026-08-03T00:24:36Z,2026-08-03T07:48:20Z,15,0,False,False,"[""boost"", ""boosterx"", ""boosterx-crack"", ""boosterx-pro"", ""boosterx-pro-crack"", ""fps-tweak"", ""free-software"", ""pro""]",2026-08-03
1321094218,twrp_device_xiaomi_sm8850,https://github.com/YuKongA/twrp_device_xiaomi_sm8850,70465933,YuKongA,User,TWRP device tree for Xiaomi SM8850,15,1,Makefile,2026-08-03T02:09:28Z,2026-08-03T07:19:28Z,15,0,False,False,[],2026-08-03
1321099798,language-tool-2026,https://github.com/Shieldaelight82/language-tool-2026,307273943,Shieldaelight82,User,"LanguageTool Desktop — LanguageTool Desktop Windows setup — software landing repository with install notes, workflow checklists, and session logs. Unofficial Windows setup notes and session logs.",13,0,Unknown,2026-08-03T02:16:51Z,2026-08-03T08:24:05Z,13,0,False,False,"[""desktop-app"", ""language"", ""language-tool-2026"", ""setup"", ""software"", ""tool"", ""windows""]",2026-08-03
1321277409,Nutricoach-AI,https://github.com/HGaurnaan/Nutricoach-AI,165636970,HGaurnaan,User,,13,0,Python,2026-08-03T05:39:32Z,2026-08-03T08:26:28Z,13,0,False,False,[],2026-08-03
1321103862,litmos,https://github.com/galleryfollowerchant/litmos,307274402,galleryfollowerchant,User,"Litmos — Litmos Windows setup — software landing repository with install notes, workflow checklists, and session logs. Unofficial Windows setup notes and session logs.",12,0,Unknown,2026-08-03T02:22:16Z,2026-08-03T03:38:08Z,12,0,False,False,"[""desktop-app"", ""litmos"", ""setup"", ""software"", ""windows""]",2026-08-03
1321061894,bfd-2026,https://github.com/SupplierNotice/bfd-2026,307260975,SupplierNotice,User,"BFD3 — BFD3 Windows setup — software landing repository with install notes, workflow checklists, and session logs. Unofficial Windows setup notes and session logs.",12,0,Unknown,2026-08-03T01:21:55Z,2026-08-03T02:59:43Z,12,0,False,False,"[""bfd"", ""bfd-2026"", ""desktop-app"", ""setup"", ""software"", ""windows""]",2026-08-03
1321056136,asana-desktop-setup,https://github.com/MergeSheikhDeflate/asana-desktop-setup,307260434,MergeSheikhDeflate,User,"Asana Desktop — Asana Desktop Windows setup — software landing repository with install notes, workflow checklists, and session logs. Unofficial Windows setup notes and session logs.",12,0,Unknown,2026-08-03T01:13:04Z,2026-08-03T02:54:41Z,12,0,False,False,"[""asana"", ""asana-desktop-setup"", ""desktop"", ""desktop-app"", ""setup"", ""software"", ""windows""]",2026-08-03
1321062945,blackboard-2026,https://github.com/tonepenguincoil/blackboard-2026,307261024,tonepenguincoil,User,"Blackboard Learn — Blackboard Learn Windows setup — software landing repository with install notes, workflow checklists, and session logs. Unofficial Windows setup notes and session logs.",12,0,Unknown,2026-08-03T01:24:10Z,2026-08-03T02:56:38Z,12,0,False,False,"[""blackboard"", ""blackboard-2026"", ""desktop-app"", ""setup"", ""software"", ""windows""]",2026-08-03
1321081781,ssd-trim-tool,https://github.com/Layervanfoster/ssd-trim-tool,307265859,Layervanfoster,User,"SSD TRIM Tool — SSD TRIM Tool Windows setup — system repair landing repository with install notes, workflow checklists, and session logs. Unofficial Windows setup notes and session logs.",12,0,Unknown,2026-08-03T01:52:45Z,2026-08-03T08:24:06Z,12,0,False,False,"[""repair-tool"", ""setup"", ""ssd"", ""ssd-trim-tool"", ""tool"", ""trim"", ""windows"", ""windows-repair""]",2026-08-03
1321098198,paint-tool-sai-setup,https://github.com/Violetfooutlet/paint-tool-sai-setup,307271196,Violetfooutlet,User,"Paint Tool SAI — Paint Tool SAI Windows setup — software landing repository with install notes, workflow checklists, and session logs. Unofficial Windows setup notes and session logs.",12,0,Unknown,2026-08-03T02:14:44Z,2026-08-03T08:24:05Z,12,0,False,False,"[""desktop-app"", ""paint"", ""paint-tool-sai-setup"", ""sai"", ""setup"", ""software"", ""tool"", ""windows""]",2026-08-03
1321090539,iar,https://github.com/Viewatpull39/iar,307273064,Viewatpull39,User,"IAR Embedded Workbench — IAR Embedded Workbench Windows setup — software landing repository with install notes, workflow checklists, and session logs. Unofficial Windows setup notes and session logs.",12,0,Unknown,2026-08-03T02:04:36Z,2026-08-03T03:41:23Z,12,0,False,False,"[""desktop-app"", ""iar"", ""setup"", ""software"", ""windows""]",2026-08-03
1321054561,api-ms-win-crt-dll-missing-fix,https://github.com/Driveshitrolley/api-ms-win-crt-dll-missing-fix,307260326,Driveshitrolley,User,"API MS WIN CRT DLL Fix — API MS WIN CRT DLL Fix Windows setup — game fix landing repository with install notes, workflow checklists, and session logs. Unofficial Windows setup notes and session logs.",12,0,Unknown,2026-08-03T01:11:03Z,2026-08-03T02:42:34Z,12,0,False,False,"[""api"", ""api-ms-win-crt-dll-missing-fix"", ""dll-missing"", ""game-fix"", ""ms"", ""win"", ""windows""]",2026-08-03
1321047680,absynth,https://github.com/CrimsonConstable/absynth,307259425,CrimsonConstable,User,"Absynth 5 — Absynth 5 Windows setup — software landing repository with install notes, workflow checklists, and session logs. Unofficial Windows setup notes and session logs.",12,0,Unknown,2026-08-03T01:01:09Z,2026-08-03T02:49:09Z,12,0,False,False,"[""absynth"", ""desktop-app"", ""setup"", ""software"", ""windows""]",2026-08-03
1321100365,laravel-herd,https://github.com/HexagonCrawler/laravel-herd,307274083,HexagonCrawler,User,"Laravel Herd — Laravel Herd Windows setup — software landing repository with install notes, workflow checklists, and session logs. Unofficial Windows setup notes and session logs.",12,0,Unknown,2026-08-03T02:17:39Z,2026-08-03T03:42:27Z,12,0,False,False,"[""desktop-app"", ""herd"", ""laravel"", ""laravel-herd"", ""setup"", ""software"", ""windows""]",2026-08-03
1321098124,kernel32-dll-missing-fix,https://github.com/ChordPelican46/kernel32-dll-missing-fix,307273890,ChordPelican46,User,"KERNEL32 DLL Fix — KERNEL32 DLL Fix Windows setup — game fix landing repository with install notes, workflow checklists, and session logs. Unofficial Windows setup notes and session logs.",12,0,Unknown,2026-08-03T02:14:38Z,2026-08-03T03:21:35Z,12,0,False,False,"[""dll"", ""dll-missing"", ""game-fix"", ""kernel32"", ""kernel32-dll-missing-fix"", ""missing"", ""windows""]",2026-08-03
1321102369,lightshot,https://github.com/Convergekreoversee/lightshot,307274216,Convergekreoversee,User,"Lightshot — Lightshot Windows setup — software landing repository with install notes, workflow checklists, and session logs. Unofficial Windows setup notes and session logs.",12,0,Unknown,2026-08-03T02:20:22Z,2026-08-03T03:37:23Z,12,0,False,False,"[""desktop-app"", ""lightshot"", ""setup"", ""software"", ""windows""]",2026-08-03
1321052735,ample-sound-2026,https://github.com/DistributorTake/ample-sound-2026,307260116,DistributorTake,User,"Ample Sound Guitar — Ample Sound Guitar Windows setup — software landing repository with install notes, workflow checklists, and session logs. Unofficial Windows setup notes and session logs.",12,0,Unknown,2026-08-03T01:08:29Z,2026-08-03T02:51:34Z,12,0,False,False,"[""ample"", ""ample-sound-2026"", ""desktop-app"", ""setup"", ""software"", ""sound"", ""windows""]",2026-08-03
1321056454,assetto-corsa-evo-crash-fix,https://github.com/finalladydivide/assetto-corsa-evo-crash-fix,307260437,finalladydivide,User,"Assetto Corsa EVO Crash Fix — Assetto Corsa EVO Crash Fix Windows setup — game fix landing repository with install notes, workflow checklists, and session logs. Unofficial Windows setup notes and session logs.",12,0,Unknown,2026-08-03T01:13:31Z,2026-08-03T02:45:53Z,12,0,False,False,"[""assetto"", ""assetto-corsa-evo-crash-fix"", ""corsa"", ""crash-fix"", ""game-fix"", ""pc-gaming"", ""windows""]",2026-08-03
1321091420,ida-download-2026,https://github.com/streamfiremanname/ida-download-2026,307273075,streamfiremanname,User,"Internet Download Accelerator — Internet Download Accelerator Windows setup — software landing repository with install notes, workflow checklists, and session logs. Unofficial Windows setup notes and session logs.",12,0,Unknown,2026-08-03T02:05:46Z,2026-08-03T03:42:23Z,12,0,False,False,"[""desktop-app"", ""download"", ""ida"", ""ida-download-2026"", ""setup"", ""software"", ""windows""]",2026-08-03
1321063570,bulk-crap-uninstaller,https://github.com/FormerLightning/bulk-crap-uninstaller,307261304,FormerLightning,User,"Bulk Crap Uninstaller — Bulk Crap Uninstaller Windows setup — software landing repository with install notes, workflow checklists, and session logs. Unofficial Windows setup notes and session logs.",12,0,Unknown,2026-08-03T01:25:24Z,2026-08-03T02:54:21Z,12,0,False,False,"[""bulk"", ""bulk-crap-uninstaller"", ""crap"", ""desktop-app"", ""setup"", ""software"", ""uninstaller"", ""windows""]",2026-08-03
1321094827,jane-app,https://github.com/Brinkzaforge/jane-app,307273608,Brinkzaforge,User,"Jane App — Jane App Windows setup — software landing repository with install notes, workflow checklists, and session logs. Unofficial Windows setup notes and session logs.",12,0,Unknown,2026-08-03T02:10:14Z,2026-08-03T03:42:03Z,12,0,False,False,"[""app"", ""desktop-app"", ""jane"", ""jane-app"", ""setup"", ""software"", ""windows""]",2026-08-03
1321089806,hyper-v-not-working-fix,https://github.com/SpikeConqueror/hyper-v-not-working-fix,307272913,SpikeConqueror,User,"Hyper-V Not Working Fix — Hyper-V Not Working Fix Windows setup — Windows fix landing repository with install notes, workflow checklists, and session logs. Unofficial Windows setup notes and session logs.",12,0,Unknown,2026-08-03T02:03:40Z,2026-08-03T03:40:35Z,12,0,False,False,"[""hyper"", ""hyper-v-not-working-fix"", ""not"", ""repair-tool"", ""v"", ""windows"", ""windows-fix""]",2026-08-03
1321093424,infinite-campus,https://github.com/Destroyerovergrade/infinite-campus,307273525,Destroyerovergrade,User,"Infinite Campus — Infinite Campus Windows setup — software landing repository with install notes, workflow checklists, and session logs. Unofficial Windows setup notes and session logs.",12,0,Unknown,2026-08-03T02:08:26Z,2026-08-03T03:38:09Z,12,0,False,False,"[""campus"", ""desktop-app"", ""infinite"", ""infinite-campus"", ""setup"", ""software"", ""windows""]",2026-08-03
1321092445,impact-soundworks,https://github.com/DelugeSheriffCrater/impact-soundworks,307273022,DelugeSheriffCrater,User,"Impact Soundworks — Impact Soundworks Windows setup — software landing repository with install notes, workflow checklists, and session logs. Unofficial Windows setup notes and session logs.",12,0,Unknown,2026-08-03T02:07:06Z,2026-08-03T03:39:22Z,12,0,False,False,"[""desktop-app"", ""impact"", ""impact-soundworks"", ""setup"", ""software"", ""soundworks"", ""windows""]",2026-08-03
1321061410,bcd-edit-repair-tool,https://github.com/Virtualaostudio/bcd-edit-repair-tool,307260850,Virtualaostudio,User,"BCD Edit Repair Tool — BCD Edit Repair Tool Windows setup — Windows fix landing repository with install notes, workflow checklists, and session logs. Unofficial Windows setup notes and session logs.",12,0,Unknown,2026-08-03T01:20:55Z,2026-08-03T02:54:51Z,12,0,False,False,"[""bcd"", ""bcd-edit-repair-tool"", ""edit"", ""repair"", ""repair-tool"", ""setup"", ""windows"", ""windows-fix""]",2026-08-03
1321096419,katalon-studio-2026,https://github.com/MedicGenerate/katalon-studio-2026,307273800,MedicGenerate,User,"Katalon Studio — Katalon Studio Windows setup — software landing repository with install notes, workflow checklists, and session logs. Unofficial Windows setup notes and session logs.",12,0,Unknown,2026-08-03T02:12:23Z,2026-08-03T03:38:55Z,12,0,False,False,"[""desktop-app"", ""katalon"", ""katalon-studio-2026"", ""setup"", ""software"", ""studio"", ""windows""]",2026-08-03
1321064450,calibre,https://github.com/Crownphofall/calibre,307261303,Crownphofall,User,"Calibre — Calibre Windows setup — software landing repository with install notes, workflow checklists, and session logs. Unofficial Windows setup notes and session logs.",12,0,Unknown,2026-08-03T01:27:05Z,2026-08-03T02:33:44Z,12,0,False,False,"[""calibre"", ""desktop-app"", ""setup"", ""software"", ""windows""]",2026-08-03
1321096718,kcd-2026,https://github.com/Blockadeclidoor/kcd-2026,307273796,Blockadeclidoor,User,"KCD Software — KCD Software Windows setup — software landing repository with install notes, workflow checklists, and session logs. Unofficial Windows setup notes and session logs.",12,0,Unknown,2026-08-03T02:12:47Z,2026-08-03T03:43:51Z,12,0,False,False,"[""desktop-app"", ""kcd"", ""kcd-2026"", ""setup"", ""software"", ""windows""]",2026-08-03
1321088557,housecall,https://github.com/prismstewardplait/housecall,307272835,prismstewardplait,User,"Housecall Pro — Housecall Pro Windows setup — software landing repository with install notes, workflow checklists, and session logs. Unofficial Windows setup notes and session logs.",12,0,Unknown,2026-08-03T02:01:58Z,2026-08-03T03:34:25Z,12,0,False,False,"[""desktop-app"", ""housecall"", ""setup"", ""software"", ""windows""]",2026-08-03
1321057451,atl110-dll-missing-fix,https://github.com/SharpShipwrightLoad/atl110-dll-missing-fix,307260417,SharpShipwrightLoad,User,"ATL110 DLL Fix — ATL110 DLL Fix Windows setup — game fix landing repository with install notes, workflow checklists, and session logs. Unofficial Windows setup notes and session logs.",11,0,Unknown,2026-08-03T01:14:50Z,2026-08-03T02:52:31Z,11,0,False,False,"[""atl110"", ""atl110-dll-missing-fix"", ""dll"", ""dll-missing"", ""game-fix"", ""missing"", ""windows""]",2026-08-03
1321097583,fusion360,https://github.com/staremumodulator/fusion360,307264294,staremumodulator,User,"Fusion 360 — Fusion 360 Windows setup — software landing repository with install notes, workflow checklists, and session logs. Unofficial Windows setup notes and session logs.",11,0,Unknown,2026-08-03T02:13:57Z,2026-08-03T03:53:36Z,11,0,False,False,"[""desktop-app"", ""fusion360"", ""setup"", ""software"", ""windows""]",2026-08-03
1321066967,clarisse-2026,https://github.com/ProhibitionFlyer/clarisse-2026,307261817,ProhibitionFlyer,User,"Isotropix Clarisse — Isotropix Clarisse Windows setup — software landing repository with install notes, workflow checklists, and session logs. Unofficial Windows setup notes and session logs.",11,0,Unknown,2026-08-03T01:32:13Z,2026-08-03T02:45:29Z,11,0,False,False,"[""clarisse"", ""clarisse-2026"", ""desktop-app"", ""setup"", ""software"", ""windows""]",2026-08-03
1321066190,circuitstudio-setup,https://github.com/LairTherapistJoist/circuitstudio-setup,307261412,LairTherapistJoist,User,"Altium CircuitStudio — Altium CircuitStudio Windows setup — software landing repository with install notes, workflow checklists, and session logs. Unofficial Windows setup notes and session logs.",11,0,Unknown,2026-08-03T01:30:40Z,2026-08-03T02:51:37Z,11,0,False,False,"[""circuitstudio"", ""circuitstudio-setup"", ""desktop-app"", ""setup"", ""software"", ""windows""]",2026-08-03
1321087057,mycase-2026,https://github.com/LevelReclaim/mycase-2026,307270102,LevelReclaim,User,"MyCase — MyCase Windows setup — software landing repository with install notes, workflow checklists, and session logs. Unofficial Windows setup notes and session logs.",11,0,Unknown,2026-08-03T02:00:01Z,2026-08-03T03:46:05Z,11,0,False,False,"[""desktop-app"", ""mycase"", ""mycase-2026"", ""setup"", ""software"", ""windows""]",2026-08-03
1321101428,leica-infinity-2026,https://github.com/AgentFurnace/leica-infinity-2026,307274113,AgentFurnace,User,"Leica Infinity — Leica Infinity Windows setup — software landing repository with install notes, workflow checklists, and session logs. Unofficial Windows setup notes and session logs.",11,0,Unknown,2026-08-03T02:19:07Z,2026-08-03T03:42:19Z,11,0,False,False,"[""desktop-app"", ""infinity"", ""leica"", ""leica-infinity-2026"", ""setup"", ""software"", ""windows""]",2026-08-03
1321099678,unexpected-store-exception-bsod-fix,https://github.com/clampengineerpick/unexpected-store-exception-bsod-fix,307267578,clampengineerpick,User,"Unexpected Store Exception BSOD Fix — Unexpected Store Exception BSOD Fix Windows setup — Windows fix landing repository with install notes, workflow checklists, and session logs. Unofficial Windows setup notes and session logs.",11,0,Unknown,2026-08-03T02:16:41Z,2026-08-03T03:44:15Z,11,0,False,False,"[""exception"", ""repair-tool"", ""store"", ""unexpected"", ""unexpected-store-exception-bsod-fix"", ""windows"", ""windows-fix""]",2026-08-03
1321114978,xlive-dll-missing-fix,https://github.com/AssuranceHypnotize/xlive-dll-missing-fix,307269686,AssuranceHypnotize,User,"XLIVE DLL Fix — XLIVE DLL Fix Windows setup — game fix landing repository with install notes, workflow checklists, and session logs. Unofficial Windows setup notes and session logs.",11,0,Unknown,2026-08-03T02:33:27Z,2026-08-03T03:49:05Z,11,0,False,False,"[""dll"", ""dll-missing"", ""game-fix"", ""missing"", ""windows"", ""xlive"", ""xlive-dll-missing-fix""]",2026-08-03
1321055373,ardour-2026,https://github.com/TropicalWind/ardour-2026,307260323,TropicalWind,User,"Ardour — Ardour Windows setup — software landing repository with install notes, workflow checklists, and session logs. Unofficial Windows setup notes and session logs.",11,0,Unknown,2026-08-03T01:12:08Z,2026-08-03T02:35:04Z,11,0,False,False,"[""ardour"", ""ardour-2026"", ""desktop-app"", ""setup"", ""software"", ""windows""]",2026-08-03
1321065030,celtx-setup,https://github.com/Streamzurorder/celtx-setup,307261518,Streamzurorder,User,"Celtx — Celtx Windows setup — software landing repository with install notes, workflow checklists, and session logs. Unofficial Windows setup notes and session logs.",11,0,Unknown,2026-08-03T01:28:17Z,2026-08-03T02:40:27Z,11,0,False,False,"[""celtx"", ""celtx-setup"", ""desktop-app"", ""setup"", ""software"", ""windows""]",2026-08-03
1321110827,wox-setup,https://github.com/Squaduedefine/wox-setup,307269241,Squaduedefine,User,"Wox Launcher — Wox Launcher Windows setup — software landing repository with install notes, workflow checklists, and session logs. Unofficial Windows setup notes and session logs.",11,0,Unknown,2026-08-03T02:30:09Z,2026-08-03T03:41:13Z,11,0,False,False,"[""desktop-app"", ""setup"", ""software"", ""windows"", ""wox"", ""wox-setup""]",2026-08-03
1321113277,intercom,https://github.com/BookkeeperWinch/intercom,307265777,BookkeeperWinch,User,"Intercom — Intercom Windows setup — software landing repository with install notes, workflow checklists, and session logs. Unofficial Windows setup notes and session logs.",11,0,Unknown,2026-08-03T02:32:06Z,2026-08-03T03:49:12Z,11,0,False,False,"[""desktop-app"", ""intercom"", ""setup"", ""software"", ""windows""]",2026-08-03
1321094288,forestpack-2026,https://github.com/HazePuffinDisclose/forestpack-2026,307263924,HazePuffinDisclose,User,"Forest Pack Pro — Forest Pack Pro Windows setup — software landing repository with install notes, workflow checklists, and session logs. Unofficial Windows setup notes and session logs.",11,0,Unknown,2026-08-03T02:09:35Z,2026-08-03T03:43:27Z,11,0,False,False,"[""desktop-app"", ""forestpack"", ""forestpack-2026"", ""setup"", ""software"", ""windows""]",2026-08-03
1321096786,trimble-realworks-setup,https://github.com/Tremorchabreed/trimble-realworks-setup,307267207,Tremorchabreed,User,"Trimble RealWorks — Trimble RealWorks Windows setup — software landing repository with install notes, workflow checklists, and session logs. Unofficial Windows setup notes and session logs.",11,0,Unknown,2026-08-03T02:12:53Z,2026-08-03T03:32:07Z,11,0,False,False,"[""desktop-app"", ""realworks"", ""setup"", ""software"", ""trimble"", ""trimble-realworks-setup"", ""windows""]",2026-08-03
1321090029,tekken-8-crash-fix,https://github.com/CoveCustodianFlue/tekken-8-crash-fix,307266738,CoveCustodianFlue,User,"Tekken 8 Crash Fix — Tekken 8 Crash Fix Windows setup — game fix landing repository with install notes, workflow checklists, and session logs. Unofficial Windows setup notes and session logs.",11,0,Unknown,2026-08-03T02:03:57Z,2026-08-03T03:44:59Z,11,0,False,False,"[""8"", ""crash-fix"", ""game-fix"", ""pc-gaming"", ""tekken"", ""tekken-8-crash-fix"", ""windows""]",2026-08-03
1321064642,canvas,https://github.com/ClimberDisplay/canvas,307261565,ClimberDisplay,User,"Canvas LMS — Canvas LMS Windows setup — software landing repository with install notes, workflow checklists, and session logs. Unofficial Windows setup notes and session logs.",11,0,Unknown,2026-08-03T01:27:29Z,2026-08-03T02:59:17Z,11,0,False,False,"[""canvas"", ""desktop-app"", ""setup"", ""software"", ""windows""]",2026-08-03
1321105662,wininet-dll-missing-fix,https://github.com/TabooSalamander/wininet-dll-missing-fix,307268853,TabooSalamander,User,"WININET DLL Fix — WININET DLL Fix Windows setup — game fix landing repository with install notes, workflow checklists, and session logs. Unofficial Windows setup notes and session logs.",11,0,Unknown,2026-08-03T02:24:45Z,2026-08-03T03:27:13Z,11,0,False,False,"[""dll"", ""dll-missing"", ""game-fix"", ""missing"", ""windows"", ""wininet"", ""wininet-dll-missing-fix""]",2026-08-03
1321100537,usp10-dll-missing-fix,https://github.com/delugecanarygive/usp10-dll-missing-fix,307267881,delugecanarygive,User,"USP10 DLL Fix — USP10 DLL Fix Windows setup — game fix landing repository with install notes, workflow checklists, and session logs. Unofficial Windows setup notes and session logs.",11,0,Unknown,2026-08-03T02:17:54Z,2026-08-03T03:46:25Z,11,0,False,False,"[""dll"", ""dll-missing"", ""game-fix"", ""missing"", ""usp10"", ""usp10-dll-missing-fix"", ""windows""]",2026-08-03
1321089958,faro-scene,https://github.com/ChamberRiver/faro-scene,307263487,ChamberRiver,User,"FARO SCENE — FARO SCENE Windows setup — software landing repository with install notes, workflow checklists, and session logs. Unofficial Windows setup notes and session logs.",11,0,Unknown,2026-08-03T02:03:50Z,2026-08-03T03:47:08Z,11,0,False,False,"[""desktop-app"", ""faro"", ""faro-scene"", ""scene"", ""setup"", ""software"", ""windows""]",2026-08-03
1321102536,gusto,https://github.com/CrocSleeve39/gusto,307264990,CrocSleeve39,User,"Gusto — Gusto Windows setup — software landing repository with install notes, workflow checklists, and session logs. Unofficial Windows setup notes and session logs.",11,0,Unknown,2026-08-03T02:20:31Z,2026-08-03T03:45:41Z,11,0,False,False,"[""desktop-app"", ""gusto"", ""setup"", ""software"", ""windows""]",2026-08-03
1321101845,greenshot-2026,https://github.com/ViewTraderPick/greenshot-2026,307264719,ViewTraderPick,User,"Greenshot — Greenshot Windows setup — software landing repository with install notes, workflow checklists, and session logs. Unofficial Windows setup notes and session logs.",11,0,Unknown,2026-08-03T02:19:39Z,2026-08-03T03:37:25Z,11,0,False,False,"[""desktop-app"", ""greenshot"", ""greenshot-2026"", ""setup"", ""software"", ""windows""]",2026-08-03
1321108949,prokitchen-2026,https://github.com/ArmySergeant/prokitchen-2026,307272195,ArmySergeant,User,"ProKitchen — ProKitchen Windows setup — software landing repository with install notes, workflow checklists, and session logs. Unofficial Windows setup notes and session logs.",11,0,Unknown,2026-08-03T02:28:39Z,2026-08-03T03:40:57Z,11,0,False,False,"[""desktop-app"", ""prokitchen"", ""prokitchen-2026"", ""setup"", ""software"", ""windows""]",2026-08-03
1321111322,wrike-setup,https://github.com/Wharfdellaform90/wrike-setup,307269408,Wharfdellaform90,User,"Wrike — Wrike Windows setup — software landing repository with install notes, workflow checklists, and session logs. Unofficial Windows setup notes and session logs.",11,0,Unknown,2026-08-03T02:30:33Z,2026-08-03T03:41:06Z,11,0,False,False,"[""desktop-app"", ""setup"", ""software"", ""windows"", ""wrike"", ""wrike-setup""]",2026-08-03
1321111644,prusa-slicer-2026,https://github.com/Olivephijournal/prusa-slicer-2026,307272449,Olivephijournal,User,"PrusaSlicer — PrusaSlicer Windows setup — software landing repository with install notes, workflow checklists, and session logs. Unofficial Windows setup notes and session logs.",11,0,Unknown,2026-08-03T02:30:48Z,2026-08-03T03:35:37Z,11,0,False,False,"[""desktop-app"", ""prusa"", ""prusa-slicer-2026"", ""setup"", ""slicer"", ""software"", ""windows""]",2026-08-03
1321096206,opendental-setup,https://github.com/AlbatrossAlternator/opendental-setup,307270827,AlbatrossAlternator,User,"Open Dental — Open Dental Windows setup — software landing repository with install notes, workflow checklists, and session logs. Unofficial Windows setup notes and session logs.",11,0,Unknown,2026-08-03T02:12:05Z,2026-08-03T03:40:26Z,11,0,False,False,"[""desktop-app"", ""opendental"", ""opendental-setup"", ""setup"", ""software"", ""windows""]",2026-08-03
1321092889,flow-launcher-2026,https://github.com/Zenithemystery/flow-launcher-2026,307263841,Zenithemystery,User,"Flow Launcher — Flow Launcher Windows setup — software landing repository with install notes, workflow checklists, and session logs. Unofficial Windows setup notes and session logs.",11,0,Unknown,2026-08-03T02:07:44Z,2026-08-03T03:40:35Z,11,0,False,False,"[""desktop-app"", ""flow"", ""flow-launcher-2026"", ""launcher"", ""setup"", ""software"", ""windows""]",2026-08-03
1321097913,owasp-zap,https://github.com/Nailvonreproduce/owasp-zap,307271164,Nailvonreproduce,User,"OWASP ZAP — OWASP ZAP Windows setup — software landing repository with install notes, workflow checklists, and session logs. Unofficial Windows setup notes and session logs.",11,0,Unknown,2026-08-03T02:14:22Z,2026-08-03T03:41:54Z,11,0,False,False,"[""desktop-app"", ""owasp"", ""owasp-zap"", ""setup"", ""software"", ""windows"", ""zap""]",2026-08-03
1321094016,titler-pro-2026,https://github.com/WantMarePivot/titler-pro-2026,307267082,WantMarePivot,User,"Titler Pro 7 — Titler Pro 7 Windows setup — software landing repository with install notes, workflow checklists, and session logs. Unofficial Windows setup notes and session logs.",11,0,Unknown,2026-08-03T02:09:11Z,2026-08-03T03:41:54Z,11,0,False,False,"[""desktop-app"", ""pro"", ""setup"", ""software"", ""titler"", ""titler-pro-2026"", ""windows""]",2026-08-03
1321087457,hollow-knight-silksong-crash-fix,https://github.com/ShadowElkHoe/hollow-knight-silksong-crash-fix,307272695,ShadowElkHoe,User,"Hollow Knight Silksong Crash Fix — Hollow Knight Silksong Crash Fix Windows setup — game fix landing repository with install notes, workflow checklists, and session logs. Unofficial Windows setup notes and session logs.",11,0,Unknown,2026-08-03T02:00:31Z,2026-08-03T03:15:33Z,11,0,False,False,"[""crash-fix"", ""game-fix"", ""hollow"", ""hollow-knight-silksong-crash-fix"", ""knight"", ""pc-gaming"", ""windows""]",2026-08-03
1321099856,geometry-dash-crash-fix,https://github.com/TabooBlazeChange/geometry-dash-crash-fix,307264446,TabooBlazeChange,User,"Geometry Dash Crash Fix — Geometry Dash Crash Fix Windows setup — game fix landing repository with install notes, workflow checklists, and session logs. Unofficial Windows setup notes and session logs.",11,0,Unknown,2026-08-03T02:16:56Z,2026-08-03T03:52:58Z,11,0,False,False,"[""crash-fix"", ""dash"", ""game-fix"", ""geometry"", ""geometry-dash-crash-fix"", ""pc-gaming"", ""windows""]",2026-08-03
1321111370,infinite-campus,https://github.com/Pebblethewalk/infinite-campus,307265618,Pebblethewalk,User,"Infinite Campus — Infinite Campus Windows setup — software landing repository with install notes, workflow checklists, and session logs. Unofficial Windows setup notes and session logs.",11,0,Unknown,2026-08-03T02:30:35Z,2026-08-03T03:50:35Z,11,0,False,False,"[""campus"", ""desktop-app"", ""infinite"", ""infinite-campus"", ""setup"", ""software"", ""windows""]",2026-08-03
1321060088,azure-data-studio-setup,https://github.com/Attophoprotect/azure-data-studio-setup,307260567,Attophoprotect,User,"Azure Data Studio — Azure Data Studio Windows setup — software landing repository with install notes, workflow checklists, and session logs. Unofficial Windows setup notes and session logs.",11,0,Unknown,2026-08-03T01:18:21Z,2026-08-03T02:50:07Z,11,0,False,False,"[""azure"", ""azure-data-studio-setup"", ""data"", ""desktop-app"", ""setup"", ""software"", ""studio"", ""windows""]",2026-08-03
1321047384,abacus-2026,https://github.com/Yoctoirpierce/abacus-2026,307259322,Yoctoirpierce,User,"AbacusLaw — AbacusLaw Windows setup — software landing repository with install notes, workflow checklists, and session logs. Unofficial Windows setup notes and session logs.",11,0,Unknown,2026-08-03T01:00:46Z,2026-08-03T02:46:46Z,11,0,False,False,"[""abacus"", ""abacus-2026"", ""desktop-app"", ""setup"", ""software"", ""windows""]",2026-08-03
1321051804,alltube-setup,https://github.com/PurplePotterBrace/alltube-setup,307259903,PurplePotterBrace,User,"AllTube Downloader — AllTube Downloader Windows setup — software landing repository with install notes, workflow checklists, and session logs. Unofficial Windows setup notes and session logs.",11,0,Unknown,2026-08-03T01:07:08Z,2026-08-03T02:50:42Z,11,0,False,False,"[""alltube"", ""alltube-setup"", ""desktop-app"", ""setup"", ""software"", ""windows""]",2026-08-03
1321118989,zenmap,https://github.com/PlaneFirefly/zenmap,307269880,PlaneFirefly,User,"Zenmap — Zenmap Windows setup — software landing repository with install notes, workflow checklists, and session logs. Unofficial Windows setup notes and session logs.",11,0,Unknown,2026-08-03T02:36:38Z,2026-08-03T03:47:50Z,11,0,False,False,"[""desktop-app"", ""setup"", ""software"", ""windows"", ""zenmap""]",2026-08-03
1321089563,farming-simulator-25-crash-fix,https://github.com/StonemasonExcite/farming-simulator-25-crash-fix,307263469,StonemasonExcite,User,"Farming Simulator 25 Crash Fix — Farming Simulator 25 Crash Fix Windows setup — game fix landing repository with install notes, workflow checklists, and session logs. Unofficial Windows setup notes and session logs.",11,0,Unknown,2026-08-03T02:03:17Z,2026-08-03T03:47:40Z,11,0,False,False,"[""crash-fix"", ""farming"", ""farming-simulator-25-crash-fix"", ""game-fix"", ""pc-gaming"", ""simulator"", ""windows""]",2026-08-03
1321113467,xampp-2026,https://github.com/InspectorAngular70/xampp-2026,307269454,InspectorAngular70,User,"XAMPP — XAMPP Windows setup — software landing repository with install notes, workflow checklists, and session logs. Unofficial Windows setup notes and session logs.",11,0,Unknown,2026-08-03T02:32:15Z,2026-08-03T03:44:23Z,11,0,False,False,"[""desktop-app"", ""setup"", ""software"", ""windows"", ""xampp"", ""xampp-2026""]",2026-08-03
1321106239,powerschool-2026,https://github.com/timecassowarypull76/powerschool-2026,307271979,timecassowarypull76,User,"PowerSchool — PowerSchool Windows setup — software landing repository with install notes, workflow checklists, and session logs. Unofficial Windows setup notes and session logs.",11,0,Unknown,2026-08-03T02:25:34Z,2026-08-03T03:43:52Z,11,0,False,False,"[""desktop-app"", ""powerschool"", ""powerschool-2026"", ""setup"", ""software"", ""windows""]",2026-08-03
1321097152,oracle-sql-developer,https://github.com/GatorConverter/oracle-sql-developer,307271174,GatorConverter,User,"Oracle SQL Developer — Oracle SQL Developer Windows setup — software landing repository with install notes, workflow checklists, and session logs. Unofficial Windows setup notes and session logs.",11,0,Unknown,2026-08-03T02:13:19Z,2026-08-03T03:47:42Z,11,0,False,False,"[""desktop-app"", ""developer"", ""oracle"", ""oracle-sql-developer"", ""setup"", ""software"", ""sql"", ""windows""]",2026-08-03
1321062242,binding-of-isaac-crash-fix,https://github.com/ManacleBoulder/binding-of-isaac-crash-fix,307260920,ManacleBoulder,User,"Binding of Isaac Crash Fix — Binding of Isaac Crash Fix Windows setup — game fix landing repository with install notes, workflow checklists, and session logs. Unofficial Windows setup notes and session logs.",11,0,Unknown,2026-08-03T01:22:43Z,2026-08-03T02:55:56Z,11,0,False,False,"[""binding"", ""binding-of-isaac-crash-fix"", ""crash-fix"", ""game-fix"", ""of"", ""pc-gaming"", ""windows""]",2026-08-03
1321095075,foundation,https://github.com/Squadwithintuck/foundation,307264205,Squadwithintuck,User,"Foundation Software — Foundation Software Windows setup — software landing repository with install notes, workflow checklists, and session logs. Unofficial Windows setup notes and session logs.",11,0,Unknown,2026-08-03T02:10:32Z,2026-08-03T03:49:57Z,11,0,False,False,"[""desktop-app"", ""foundation"", ""setup"", ""software"", ""windows""]",2026-08-03
1321095687,trello-desktop-2026,https://github.com/FenceCounselor/trello-desktop-2026,307267208,FenceCounselor,User,"Trello Desktop — Trello Desktop Windows setup — software landing repository with install notes, workflow checklists, and session logs. Unofficial Windows setup notes and session logs.",11,0,Unknown,2026-08-03T02:11:20Z,2026-08-03T03:43:01Z,11,0,False,False,"[""desktop"", ""desktop-app"", ""setup"", ""software"", ""trello"", ""trello-desktop-2026"", ""windows""]",2026-08-03
1321099830,paycor-setup,https://github.com/separatepoemadapt/paycor-setup,307271235,separatepoemadapt,User,"Paycor — Paycor Windows setup — software landing repository with install notes, workflow checklists, and session logs. Unofficial Windows setup notes and session logs.",11,0,Unknown,2026-08-03T02:16:53Z,2026-08-03T03:44:28Z,11,0,False,False,"[""desktop-app"", ""paycor"", ""paycor-setup"", ""setup"", ""software"", ""windows""]",2026-08-03
1321104154,live-home-3d-2026,https://github.com/Fixglocourtyard/live-home-3d-2026,307274087,Fixglocourtyard,User,"Live Home 3D — Live Home 3D Windows setup — software landing repository with install notes, workflow checklists, and session logs. Unofficial Windows setup notes and session logs.",11,0,Unknown,2026-08-03T02:22:40Z,2026-08-03T03:28:04Z,11,0,False,False,"[""3d"", ""desktop-app"", ""home"", ""live"", ""live-home-3d-2026"", ""setup"", ""software"", ""windows""]",2026-08-03
1321062657,binkw32-dll-missing-fix,https://github.com/BottomSparkAbyss/binkw32-dll-missing-fix,307261019,BottomSparkAbyss,User,"BINKW32 DLL Fix — BINKW32 DLL Fix Windows setup — game fix landing repository with install notes, workflow checklists, and session logs. Unofficial Windows setup notes and session logs.",11,0,Unknown,2026-08-03T01:23:37Z,2026-08-03T02:47:20Z,11,0,False,False,"[""binkw32"", ""binkw32-dll-missing-fix"", ""dll"", ""dll-missing"", ""game-fix"", ""missing"", ""windows""]",2026-08-03
1321068522,cloudflare-warp,https://github.com/MarbleCourier/cloudflare-warp,307261987,MarbleCourier,User,"Cloudflare WARP — Cloudflare WARP Windows setup — software landing repository with install notes, workflow checklists, and session logs. Unofficial Windows setup notes and session logs.",11,0,Unknown,2026-08-03T01:35:11Z,2026-08-03T02:57:07Z,11,0,False,False,"[""cloudflare"", ""cloudflare-warp"", ""desktop-app"", ""setup"", ""software"", ""warp"", ""windows""]",2026-08-03
1321102082,lexisnexis-time,https://github.com/LacquerThrushTie64/lexisnexis-time,307273797,LacquerThrushTie64,User,"LexisNexis Time — LexisNexis Time Windows setup — software landing repository with install notes, workflow checklists, and session logs. Unofficial Windows setup notes and session logs.",11,0,Unknown,2026-08-03T02:19:58Z,2026-08-03T03:32:50Z,11,0,False,False,"[""desktop-app"", ""lexisnexis"", ""lexisnexis-time"", ""setup"", ""software"", ""time"", ""windows""]",2026-08-03
1321095796,jutoh,https://github.com/stalkerbytevalue/jutoh,307273718,stalkerbytevalue,User,"Jutoh — Jutoh Windows setup — software landing repository with install notes, workflow checklists, and session logs. Unofficial Windows setup notes and session logs.",11,0,Unknown,2026-08-03T02:11:27Z,2026-08-03T03:41:05Z,11,0,False,False,"[""desktop-app"", ""jutoh"", ""setup"", ""software"", ""windows""]",2026-08-03
1321099508,krita-2026,https://github.com/EastDomainSnatch/krita-2026,307273900,EastDomainSnatch,User,"Krita — Krita Windows setup — software landing repository with install notes, workflow checklists, and session logs. Unofficial Windows setup notes and session logs.",11,0,Unknown,2026-08-03T02:16:28Z,2026-08-03T03:43:42Z,11,0,False,False,"[""desktop-app"", ""krita"", ""krita-2026"", ""setup"", ""software"", ""windows""]",2026-08-03
1321101443,peak-crash-fix,https://github.com/CreatorWatch/peak-crash-fix,307271360,CreatorWatch,User,"Peak Crash Fix — Peak Crash Fix Windows setup — game fix landing repository with install notes, workflow checklists, and session logs. Unofficial Windows setup notes and session logs.",11,0,Unknown,2026-08-03T02:19:08Z,2026-08-03T03:48:57Z,11,0,False,False,"[""crash"", ""crash-fix"", ""game-fix"", ""pc-gaming"", ""peak"", ""peak-crash-fix"", ""windows""]",2026-08-03
1321103197,hiero-2026,https://github.com/ohmsenioradapt/hiero-2026,307264992,ohmsenioradapt,User,"Foundry Hiero — Foundry Hiero Windows setup — software landing repository with install notes, workflow checklists, and session logs. Unofficial Windows setup notes and session logs.",11,0,Unknown,2026-08-03T02:21:24Z,2026-08-03T03:43:47Z,11,0,False,False,"[""desktop-app"", ""hiero"", ""hiero-2026"", ""setup"", ""software"", ""windows""]",2026-08-03
1321116979,quillbot,https://github.com/watchconsultantwave/quillbot,307272589,watchconsultantwave,User,"QuillBot Desktop — QuillBot Desktop Windows setup — software landing repository with install notes, workflow checklists, and session logs. Unofficial Windows setup notes and session logs.",11,0,Unknown,2026-08-03T02:35:03Z,2026-08-03T03:46:13Z,11,0,False,False,"[""desktop-app"", ""quillbot"", ""setup"", ""software"", ""windows""]",2026-08-03
1321085863,erwin-data-modeler-2026,https://github.com/plotmosquitopivot25/erwin-data-modeler-2026,307263124,plotmosquitopivot25,User,"erwin Data Modeler — erwin Data Modeler Windows setup — software landing repository with install notes, workflow checklists, and session logs. Unofficial Windows setup notes and session logs.",11,0,Unknown,2026-08-03T01:58:30Z,2026-08-03T03:46:04Z,11,0,False,False,"[""data"", ""desktop-app"", ""erwin"", ""erwin-data-modeler-2026"", ""modeler"", ""setup"", ""software"", ""windows""]",2026-08-03
1321093997,fm8-2026,https://github.com/PebbleIntensify/fm8-2026,307263986,PebbleIntensify,User,"FM8 — FM8 Windows setup — software landing repository with install notes, workflow checklists, and session logs. Unofficial Windows setup notes and session logs.",11,0,Unknown,2026-08-03T02:09:10Z,2026-08-03T03:52:03Z,11,0,False,False,"[""desktop-app"", ""fm8"", ""fm8-2026"", ""setup"", ""software"", ""windows""]",2026-08-03
1321087355,evga-precision-x1,https://github.com/Wildpistride/evga-precision-x1,307263217,Wildpistride,User,"EVGA Precision X1 — EVGA Precision X1 Windows setup — software landing repository with install notes, workflow checklists, and session logs. Unofficial Windows setup notes and session logs.",11,0,Unknown,2026-08-03T02:00:22Z,2026-08-03T03:46:58Z,11,0,False,False,"[""desktop-app"", ""evga"", ""evga-precision-x1"", ""precision"", ""setup"", ""software"", ""windows"", ""x1""]",2026-08-03
1321103526,platform-tools,https://github.com/HarborCrawler/platform-tools,307271543,HarborCrawler,User,"Android Platform Tools — Android Platform Tools Windows setup — software landing repository with install notes, workflow checklists, and session logs. Unofficial Windows setup notes and session logs.",11,0,Unknown,2026-08-03T02:21:48Z,2026-08-03T03:45:29Z,11,0,False,False,"[""desktop-app"", ""platform"", ""platform-tools"", ""setup"", ""software"", ""tools"", ""windows""]",2026-08-03
1321065980,chitubox-setup,https://github.com/AshTurkeyAura/chitubox-setup,307261771,AshTurkeyAura,User,"ChiTuBox — ChiTuBox Windows setup — software landing repository with install notes, workflow checklists, and session logs. Unofficial Windows setup notes and session logs.",11,0,Unknown,2026-08-03T01:30:14Z,2026-08-03T02:56:27Z,11,0,False,False,"[""chitubox"", ""chitubox-setup"", ""desktop-app"", ""setup"", ""software"", ""windows""]",2026-08-03
1321068094,clo3d-setup,https://github.com/StorageSupportSplit/clo3d-setup,307261731,StorageSupportSplit,User,"CLO 3D — CLO 3D Windows setup — software landing repository with install notes, workflow checklists, and session logs. Unofficial Windows setup notes and session logs.",11,0,Unknown,2026-08-03T01:34:21Z,2026-08-03T02:45:22Z,11,0,False,False,"[""clo3d"", ""clo3d-setup"", ""desktop-app"", ""setup"", ""software"", ""windows""]",2026-08-03
1321084690,eaglesoft,https://github.com/Bannergradirect74/eaglesoft,307263034,Bannergradirect74,User,"Eaglesoft — Eaglesoft Windows setup — software landing repository with install notes, workflow checklists, and session logs. Unofficial Windows setup notes and session logs.",11,0,Unknown,2026-08-03T01:56:49Z,2026-08-03T03:44:43Z,11,0,False,False,"[""desktop-app"", ""eaglesoft"", ""setup"", ""software"", ""windows""]",2026-08-03
1321087765,hoppscotch-desktop-2026,https://github.com/SphereCuckoo/hoppscotch-desktop-2026,307272742,SphereCuckoo,User,"Hoppscotch Desktop — Hoppscotch Desktop Windows setup — software landing repository with install notes, workflow checklists, and session logs. Unofficial Windows setup notes and session logs.",11,0,Unknown,2026-08-03T02:00:55Z,2026-08-03T03:38:26Z,11,0,False,False,"[""desktop"", ""desktop-app"", ""hoppscotch"", ""hoppscotch-desktop-2026"", ""setup"", ""software"", ""windows""]",2026-08-03
1321116451,quickterrain-2026,https://github.com/citycanaryfire/quickterrain-2026,307272636,citycanaryfire,User,"QuickTerrain — QuickTerrain Windows setup — software landing repository with install notes, workflow checklists, and session logs. Unofficial Windows setup notes and session logs.",11,0,Unknown,2026-08-03T02:34:36Z,2026-08-03T03:47:47Z,11,0,False,False,"[""desktop-app"", ""quickterrain"", ""quickterrain-2026"", ""setup"", ""software"", ""windows""]",2026-08-03
1321109895,impact-soundworks,https://github.com/Archiveglapath/impact-soundworks,307265595,Archiveglapath,User,"Impact Soundworks — Impact Soundworks Windows setup — software landing repository with install notes, workflow checklists, and session logs. Unofficial Windows setup notes and session logs.",11,0,Unknown,2026-08-03T02:29:24Z,2026-08-03T03:50:08Z,11,0,False,False,"[""desktop-app"", ""impact"", ""impact-soundworks"", ""setup"", ""software"", ""soundworks"", ""windows""]",2026-08-03
1321090390,temp-cleaner-tool,https://github.com/VolumeRepairCharm/temp-cleaner-tool,307266696,VolumeRepairCharm,User,"Temp File Cleaner — Temp File Cleaner Windows setup — system repair landing repository with install notes, workflow checklists, and session logs. Unofficial Windows setup notes and session logs.",11,0,Unknown,2026-08-03T02:04:23Z,2026-08-03T08:24:05Z,11,0,False,False,"[""cleaner"", ""repair-tool"", ""setup"", ""temp"", ""temp-cleaner-tool"", ""tool"", ""windows"", ""windows-repair""]",2026-08-03
1321107605,icue,https://github.com/PortalRhinoPurify/icue,307265457,PortalRhinoPurify,User,"Corsair iCUE — Corsair iCUE Windows setup — software landing repository with install notes, workflow checklists, and session logs. Unofficial Windows setup notes and session logs.",11,0,Unknown,2026-08-03T02:27:26Z,2026-08-03T03:42:31Z,11,0,False,False,"[""desktop-app"", ""icue"", ""setup"", ""software"", ""windows""]",2026-08-03
1321097600,originlab,https://github.com/DeltaChiefBarrier58/originlab,307271168,DeltaChiefBarrier58,User,"OriginLab Origin — OriginLab Origin Windows setup — software landing repository with install notes, workflow checklists, and session logs. Unofficial Windows setup notes and session logs.",11,0,Unknown,2026-08-03T02:13:58Z,2026-08-03T03:48:50Z,11,0,False,False,"[""desktop-app"", ""originlab"", ""setup"", ""software"", ""windows""]",2026-08-03
1321089755,talentlms-2026,https://github.com/fogstreamshield/talentlms-2026,307266642,fogstreamshield,User,"TalentLMS — TalentLMS Windows setup — software landing repository with install notes, workflow checklists, and session logs. Unofficial Windows setup notes and session logs.",11,0,Unknown,2026-08-03T02:03:35Z,2026-08-03T03:50:09Z,11,0,False,False,"[""desktop-app"", ""setup"", ""software"", ""talentlms"", ""talentlms-2026"", ""windows""]",2026-08-03
1321046471,2020-design,https://github.com/PhantomGiver/2020-design,307259554,PhantomGiver,User,"2020 Design — 2020 Design Windows setup — software landing repository with install notes, workflow checklists, and session logs. Unofficial Windows setup notes and session logs.",11,0,Unknown,2026-08-03T00:59:24Z,2026-08-03T02:53:04Z,11,0,False,False,"[""2020"", ""2020-design"", ""design"", ""desktop-app"", ""setup"", ""software"", ""windows""]",2026-08-03
1321102625,vcruntime140-not-found-fix,https://github.com/ChandlerFurnish/vcruntime140-not-found-fix,307268222,ChandlerFurnish,User,"VCRUNTIME140 Not Found Fix — VCRUNTIME140 Not Found Fix Windows setup — Windows fix landing repository with install notes, workflow checklists, and session logs. Unofficial Windows setup notes and session logs.",11,0,Unknown,2026-08-03T02:20:40Z,2026-08-03T03:44:20Z,11,0,False,False,"[""found"", ""not"", ""repair-tool"", ""vcruntime140"", ""vcruntime140-not-found-fix"", ""windows"", ""windows-fix""]",2026-08-03
